cluster,n,mean_ranking,median_ranking
1,226,43.902654867256636,43
2,123,49.31707317073171,47
3,124,48.13709677419355,49.5
4,13,39,31
